{
    "loss": 2.6408534049987793,
    "accuracy": 0.517241358757019
}